,nameWithOwner,createdAt,stargazerCount,forkCount,url,releases.totalCount,primaryLanguage.name,watchers.totalCount,loc_data.source_loc,loc_data.single_comments_loc,loc_data.single_docstring_loc,loc_data.double_docstring_loc,loc_data.total_comments_loc,loc_data.blank_loc,loc_data.total_line_count
0,Netflix/ribbon,2013-01-15T01:08:04Z,3738,987,https://github.com/Netflix/ribbon,40,Java,622,32055.0,408.0,0.0,0.0,408.0,5337.0,37694.0
1,androidx/androidx,2020-04-17T19:17:41Z,2040,156,https://github.com/androidx/androidx,0,Java,78,,,,,,,
2,radkovo/CSSBox,2014-01-05T22:02:40Z,168,71,https://github.com/radkovo/CSSBox,0,Java,24,134105.0,941.0,0.0,717.0,1658.0,24396.0,162394.0
3,entando/entando-core,2014-08-22T14:23:11Z,82,35,https://github.com/entando/entando-core,14,Java,23,,,,,,,
4,OpenJML/OpenJML,2015-06-30T20:40:28Z,75,19,https://github.com/OpenJML/OpenJML,52,Java,12,685.0,47.0,0.0,0.0,47.0,115.0,847.0
5,radkovo/jStyleParser,2014-01-02T21:12:24Z,69,48,https://github.com/radkovo/jStyleParser,0,Java,9,41352.0,1909.0,0.0,0.0,1909.0,7718.0,50228.0
6,by-syk/ColorReference,2016-04-04T13:24:07Z,44,11,https://github.com/by-syk/ColorReference,5,Java,3,3570.0,346.0,0.0,0.0,346.0,744.0,4572.0
7,Squarespace/template-compiler,2015-05-20T14:24:32Z,32,7,https://github.com/Squarespace/template-compiler,0,Java,19,31973.0,322.0,0.0,0.0,322.0,6088.0,38408.0
8,saisasanksunkavalli/RoundedHorizontalProgressBar,2017-02-19T14:19:30Z,24,10,https://github.com/saisasanksunkavalli/RoundedHorizontalProgressBar,0,Java,2,1250.0,313.0,0.0,0.0,313.0,255.0,1795.0
9,quaap/Primary,2016-12-02T01:00:20Z,20,11,https://github.com/quaap/Primary,6,Java,3,23858.0,290.0,0.0,0.0,290.0,1836.0,25966.0
10,nadimgouia/CoolToast,2017-08-26T17:07:14Z,20,7,https://github.com/nadimgouia/CoolToast,0,Java,2,1542.0,329.0,0.0,0.0,329.0,271.0,2115.0
11,Thutmose/Pokecube,2015-11-26T20:06:48Z,19,9,https://github.com/Thutmose/Pokecube,1,Java,17,,,,,,,
12,kingspp/Android-TCP-IP-Socket,2015-07-10T14:29:18Z,19,23,https://github.com/kingspp/Android-TCP-IP-Socket,2,Java,1,19470.0,1757.0,0.0,0.0,1757.0,1104.0,20863.0
13,mvallim/java-fluent-validator,2019-08-10T02:12:08Z,19,3,https://github.com/mvallim/java-fluent-validator,0,Java,6,13213.0,348.0,0.0,0.0,348.0,3242.0,16785.0
14,otrosien/uuid-jpa-rest-example,2016-03-10T13:12:11Z,17,10,https://github.com/otrosien/uuid-jpa-rest-example,0,Java,1,1111.0,256.0,0.0,0.0,256.0,258.0,1615.0
15,breakingsword/Android-Primary-Road,2016-09-12T03:44:52Z,16,10,https://github.com/breakingsword/Android-Primary-Road,0,Java,4,7050.0,878.0,0.0,0.0,878.0,1111.0,8944.0
16,codehaus/jcsp,2012-04-16T08:58:53Z,10,9,https://github.com/codehaus/jcsp,0,Java,5,131460.0,1055.0,0.0,0.0,1055.0,14214.0,145983.0
17,usf-cs212-2017/lectures,2016-12-06T04:03:13Z,9,5,https://github.com/usf-cs212-2017/lectures,0,Java,7,63448.0,315.0,0.0,0.0,315.0,13064.0,77810.0
18,oracle/sales-cloud-with-paas-samples,2016-02-15T16:14:34Z,8,16,https://github.com/oracle/sales-cloud-with-paas-samples,0,Java,15,,,,,,,
19,latemic/ColorBooth,2011-02-24T10:27:51Z,8,4,https://github.com/latemic/ColorBooth,0,Java,1,,,,,,,
20,SiteMorph/protostore,2013-10-25T18:10:54Z,8,2,https://github.com/SiteMorph/protostore,0,Java,3,,,,,,,
21,hornhuang/android_primary_4_animationandgestures,2019-06-14T02:41:59Z,7,0,https://github.com/hornhuang/android_primary_4_animationandgestures,0,Java,0,,,,,,,
22,hornhuang/android_primary_4_estureDetector,2019-06-19T08:53:29Z,7,0,https://github.com/hornhuang/android_primary_4_estureDetector,0,Java,0,,,,,,,
23,MinimumContent/muon,2016-11-20T06:09:21Z,7,4,https://github.com/MinimumContent/muon,2,Java,2,,,,,,,
24,sibsankarb4/Integration-between-Oracle-ADF-and-Oracle-E-Business-Suite,2019-01-17T11:07:02Z,7,3,https://github.com/sibsankarb4/Integration-between-Oracle-ADF-and-Oracle-E-Business-Suite,0,Java,0,,,,,,,
25,jcdny/RBloomberg,2010-11-10T18:44:49Z,6,6,https://github.com/jcdny/RBloomberg,0,Java,2,,,,,,,
26,Shashi-Bhushan/trials,2015-12-21T07:07:59Z,6,1,https://github.com/Shashi-Bhushan/trials,0,Java,4,,,,,,,
27,pavex/react-native-wifi-manager,2017-02-07T16:53:17Z,6,0,https://github.com/pavex/react-native-wifi-manager,0,Java,2,,,,,,,
28,TechnoZoom/NoteMakingMVVMDataBinding,2017-06-16T23:00:40Z,6,0,https://github.com/TechnoZoom/NoteMakingMVVMDataBinding,0,Java,1,,,,,,,
29,pandyav/Primary-Flight-Display-PFD-,2014-11-16T18:45:20Z,5,2,https://github.com/pandyav/Primary-Flight-Display-PFD-,0,Java,2,,,,,,,
30,The-Hive-of-Five/Interstellar-Merchant,2019-01-12T23:24:46Z,5,0,https://github.com/The-Hive-of-Five/Interstellar-Merchant,0,Java,0,,,,,,,
31,NeedsMorePie/FFT-Analyze-Record,2015-01-30T18:04:19Z,5,2,https://github.com/NeedsMorePie/FFT-Analyze-Record,0,Java,3,,,,,,,
32,CAPS-Robotics/unofficial-frc-game-frame,2017-05-20T15:32:35Z,5,0,https://github.com/CAPS-Robotics/unofficial-frc-game-frame,0,Java,8,,,,,,,
33,AbeelLab/genometools,2013-09-03T19:04:49Z,5,1,https://github.com/AbeelLab/genometools,15,Java,8,,,,,,,
34,sina-cb/Tn-seqExplorer,2014-12-17T05:29:34Z,5,3,https://github.com/sina-cb/Tn-seqExplorer,1,Java,2,,,,,,,
35,cybuch/sample-spring-data-mongo-composite-key,2017-01-29T16:56:32Z,4,0,https://github.com/cybuch/sample-spring-data-mongo-composite-key,0,Java,1,,,,,,,
36,polimi-mt-acg/back2school,2018-03-01T14:33:42Z,4,0,https://github.com/polimi-mt-acg/back2school,0,Java,2,,,,,,,
37,apupeikis/pixelazier,2010-09-01T03:29:16Z,4,1,https://github.com/apupeikis/pixelazier,0,Java,1,,,,,,,
38,rupomsoft/Toast-Silicon,2019-11-06T18:13:28Z,4,0,https://github.com/rupomsoft/Toast-Silicon,1,Java,1,,,,,,,
39,SuryaSrikar/Hand_Talk_Translator,2019-09-22T02:33:15Z,4,2,https://github.com/SuryaSrikar/Hand_Talk_Translator,0,Java,1,,,,,,,
40,akkhilaysh/Android-BLE-detection-for-BusModule,2016-11-03T16:49:02Z,4,5,https://github.com/akkhilaysh/Android-BLE-detection-for-BusModule,0,Java,3,,,,,,,
41,pratikdimble/Hibernate_Native_Generator_XML,2017-12-28T08:52:46Z,4,0,https://github.com/pratikdimble/Hibernate_Native_Generator_XML,0,Java,1,,,,,,,
42,Nikita-Jadhav/KNN_HealthCare-Hospital-Management-System,2019-01-04T13:01:12Z,4,3,https://github.com/Nikita-Jadhav/KNN_HealthCare-Hospital-Management-System,0,Java,0,,,,,,,
43,hellokoding/jpa-onetoone-sharedprimarykey-springboot-maven-mysql,2015-10-17T14:58:27Z,3,9,https://github.com/hellokoding/jpa-onetoone-sharedprimarykey-springboot-maven-mysql,0,Java,2,,,,,,,
44,JavaCardOS/Oath-Applet,2015-12-25T12:23:04Z,3,5,https://github.com/JavaCardOS/Oath-Applet,0,Java,2,,,,,,,
45,Crazy-MT/festival_sms,2015-12-26T10:19:47Z,3,1,https://github.com/Crazy-MT/festival_sms,0,Java,2,,,,,,,
46,codehaus/izpack,2012-04-16T08:58:42Z,3,2,https://github.com/codehaus/izpack,0,Java,3,,,,,,,
47,BjerknesClimateDataCentre/QuinCe,2015-04-07T10:35:48Z,3,4,https://github.com/BjerknesClimateDataCentre/QuinCe,110,Java,2,,,,,,,
48,frc5567/2019-Robot,2019-01-08T20:32:31Z,3,0,https://github.com/frc5567/2019-Robot,0,Java,5,,,,,,,
49,kodapan/kodapan-entity-store,2010-07-13T23:18:13Z,3,1,https://github.com/kodapan/kodapan-entity-store,0,Java,1,,,,,,,
50,novoda/storage-path-finder,2018-06-18T14:06:29Z,3,0,https://github.com/novoda/storage-path-finder,0,Java,27,,,,,,,
51,ShardBytes/Evolutions,2018-05-13T19:02:34Z,3,0,https://github.com/ShardBytes/Evolutions,0,Java,1,,,,,,,
52,Lomztein/Semesterproject01-Gruppe30-2018,2018-09-11T08:55:49Z,3,0,https://github.com/Lomztein/Semesterproject01-Gruppe30-2018,0,Java,4,,,,,,,
53,ndorigatti/MultiColorProgressBar,2014-07-30T17:12:14Z,3,0,https://github.com/ndorigatti/MultiColorProgressBar,0,Java,1,,,,,,,
54,shahria73/Fotoshop-G-14,2019-03-08T15:24:20Z,3,0,https://github.com/shahria73/Fotoshop-G-14,0,Java,0,,,,,,,
55,Planumex/Planumex-Blockchain,2018-11-20T03:54:04Z,3,1,https://github.com/Planumex/Planumex-Blockchain,1,Java,2,,,,,,,
56,pratikdimble/Hibernate_UUID_Generator_XML,2017-12-28T08:11:59Z,3,0,https://github.com/pratikdimble/Hibernate_UUID_Generator_XML,0,Java,1,,,,,,,
57,dragona/survey,2020-02-12T04:00:25Z,2,46,https://github.com/dragona/survey,0,Java,1,,,,,,,
58,SoftwareEconomics/primary-ports-kata,2019-04-14T11:56:55Z,2,6,https://github.com/SoftwareEconomics/primary-ports-kata,0,Java,2,,,,,,,
59,SurendraVidiyala/BankingApp,2018-01-23T20:26:27Z,2,10,https://github.com/SurendraVidiyala/BankingApp,0,Java,0,,,,,,,
60,DotFreelance/To-Do-Bot,2016-01-12T22:22:31Z,2,5,https://github.com/DotFreelance/To-Do-Bot,0,Java,7,,,,,,,
61,VHAINNOVATIONS/Telepathology,2015-03-27T14:37:44Z,2,8,https://github.com/VHAINNOVATIONS/Telepathology,0,Java,13,,,,,,,
62,gavinxxxxxx/Primary,2017-04-26T03:23:35Z,2,0,https://github.com/gavinxxxxxx/Primary,0,Java,1,,,,,,,
63,wanxuedong/PrimaryExercises,2019-12-27T05:17:43Z,2,0,https://github.com/wanxuedong/PrimaryExercises,0,Java,1,,,,,,,
64,OpenSTL/STLCourts-api,2015-09-17T15:19:20Z,2,2,https://github.com/OpenSTL/STLCourts-api,5,Java,15,,,,,,,
65,GuoZhaoHui628/PrimaryCustomView,2017-12-28T02:49:28Z,2,0,https://github.com/GuoZhaoHui628/PrimaryCustomView,0,Java,0,,,,,,,
66,helipilot50/store-primary-key,2015-10-06T23:27:53Z,2,0,https://github.com/helipilot50/store-primary-key,0,Java,1,,,,,,,
67,Jennifer331/BitmapPrimaryDemo,2015-12-10T04:00:03Z,2,1,https://github.com/Jennifer331/BitmapPrimaryDemo,0,Java,2,,,,,,,
68,Shallow-Xu/union_primary_key,2017-07-12T09:28:25Z,2,1,https://github.com/Shallow-Xu/union_primary_key,0,Java,1,,,,,,,
69,itqpleyva/CompositePrimaryKeyJPA,2020-05-18T19:22:39Z,2,0,https://github.com/itqpleyva/CompositePrimaryKeyJPA,0,Java,1,,,,,,,
70,wchkong/niuke-primary-algorithm-course,2019-08-06T14:54:45Z,2,0,https://github.com/wchkong/niuke-primary-algorithm-course,0,Java,1,,,,,,,
71,DysaniazzZ/HelloAndroid,2016-09-08T10:32:01Z,2,0,https://github.com/DysaniazzZ/HelloAndroid,0,Java,1,,,,,,,
72,cjqCN/tinypk,2019-01-10T15:33:17Z,2,0,https://github.com/cjqCN/tinypk,0,Java,0,,,,,,,
73,picketbox-back/picketbox-infinispan,2012-08-02T16:46:47Z,2,2,https://github.com/picketbox-back/picketbox-infinispan,0,Java,3,,,,,,,
74,SoaringPhoenix/Memorandum_by_Freeman,2018-03-22T07:09:51Z,2,0,https://github.com/SoaringPhoenix/Memorandum_by_Freeman,0,Java,0,,,,,,,
75,RED-M0CKING-LINE/Team5183Robot2020J,2019-07-07T05:27:15Z,2,0,https://github.com/RED-M0CKING-LINE/Team5183Robot2020J,1,Java,2,,,,,,,
76,3kuai/hanbo-jdbc,2018-11-07T09:56:59Z,2,2,https://github.com/3kuai/hanbo-jdbc,0,Java,1,,,,,,,
77,midn1/majc,2016-07-04T10:17:40Z,2,0,https://github.com/midn1/majc,8,Java,2,,,,,,,
78,codehaus/mrp,2012-04-16T08:58:42Z,2,2,https://github.com/codehaus/mrp,0,Java,2,,,,,,,
79,codehaus/gpars,2012-04-16T08:58:39Z,2,1,https://github.com/codehaus/gpars,0,Java,3,,,,,,,
80,wenxin666/hellodata,2019-06-23T18:28:01Z,2,0,https://github.com/wenxin666/hellodata,0,Java,0,,,,,,,
81,itsaky/PreUI,2019-10-03T15:39:41Z,2,2,https://github.com/itsaky/PreUI,0,Java,2,,,,,,,
82,ferlandlab/BranchAnalysis2D-3D,2017-10-16T21:34:50Z,2,1,https://github.com/ferlandlab/BranchAnalysis2D-3D,0,Java,1,,,,,,,
83,NCIP/rembrandt,2013-09-16T14:40:18Z,2,2,https://github.com/NCIP/rembrandt,0,Java,11,,,,,,,
84,DealerDotCom/grinder,2012-06-27T14:25:11Z,2,2,https://github.com/DealerDotCom/grinder,0,Java,3,,,,,,,
85,pressgang-ccms/PressGangCCMSREST,2012-07-24T21:25:11Z,2,3,https://github.com/pressgang-ccms/PressGangCCMSREST,0,Java,2,,,,,,,
86,hetelek/ColorRecognition,2013-05-28T02:46:52Z,2,0,https://github.com/hetelek/ColorRecognition,0,Java,1,,,,,,,
87,AppleCiderGuy/ImageRecognition,2017-08-07T01:15:12Z,2,0,https://github.com/AppleCiderGuy/ImageRecognition,0,Java,1,,,,,,,
88,xuevin/SPIE,2010-06-04T01:58:41Z,2,1,https://github.com/xuevin/SPIE,0,Java,1,,,,,,,
89,pratikdimble/Hibernate_Inheritance_Mapping_Table_Per_Sub_Class_XML_Using_DAO_Using_Maven,2017-12-16T01:01:46Z,2,0,https://github.com/pratikdimble/Hibernate_Inheritance_Mapping_Table_Per_Sub_Class_XML_Using_DAO_Using_Maven,0,Java,1,,,,,,,
90,Thalidomide/ImgC,2010-04-11T18:36:25Z,2,0,https://github.com/Thalidomide/ImgC,0,Java,1,,,,,,,
91,pratikdimble/Hibernate_Component_Mapping_Using_DAO_Using_Maven,2017-12-12T17:27:32Z,2,0,https://github.com/pratikdimble/Hibernate_Component_Mapping_Using_DAO_Using_Maven,0,Java,2,,,,,,,
92,jeffrschneider/Vertically-Challenged,2012-10-21T17:37:07Z,2,0,https://github.com/jeffrschneider/Vertically-Challenged,0,Java,1,,,,,,,
93,rhtnr/adwords-query-ranking-oracle,2014-03-21T04:18:40Z,2,3,https://github.com/rhtnr/adwords-query-ranking-oracle,0,Java,1,,,,,,,
94,mstao/PrimarySchoolProject,2017-03-13T04:13:07Z,1,7,https://github.com/mstao/PrimarySchoolProject,2,Java,0,,,,,,,
95,usf-cs212-2018/lectures,2018-01-17T22:06:14Z,1,11,https://github.com/usf-cs212-2018/lectures,0,Java,2,,,,,,,
96,spyros-argyroiliopoulos/codehub-spring-boot,2018-04-26T23:59:40Z,1,5,https://github.com/spyros-argyroiliopoulos/codehub-spring-boot,0,Java,1,,,,,,,
97,NCIP/cadsr-cde-browser,2013-07-29T15:24:48Z,1,4,https://github.com/NCIP/cadsr-cde-browser,1,Java,18,,,,,,,
98,Team-73-Git-Gud/CS-2340-Software,2018-01-12T19:54:13Z,1,2,https://github.com/Team-73-Git-Gud/CS-2340-Software,0,Java,1,,,,,,,
99,hellokoding/jpa-hibernate-composite-primary-key-example-with-mysql,2019-01-07T14:13:16Z,1,3,https://github.com/hellokoding/jpa-hibernate-composite-primary-key-example-with-mysql,0,Java,1,,,,,,,
100,ilius/pyglossary,2011-01-23T10:24:30Z,1113,149,https://github.com/ilius/pyglossary,9,Python,57,,,,,,,
101,NxRLab/ModernRobotics,2016-10-04T14:24:08Z,636,393,https://github.com/NxRLab/ModernRobotics,2,Python,58,,,,,,,
102,K3D-tools/K3D-jupyter,2015-10-16T10:14:20Z,337,60,https://github.com/K3D-tools/K3D-jupyter,31,Python,19,,,,,,,
103,nedwill/soundhax,2016-12-28T14:43:17Z,290,43,https://github.com/nedwill/soundhax,0,Python,44,,,,,,,
104,molyswu/hand_detection,2018-11-29T01:35:59Z,108,55,https://github.com/molyswu/hand_detection,0,Python,13,,,,,,,
105,bosichong/PrimarySchoolMathematics,2018-10-23T14:05:25Z,64,30,https://github.com/bosichong/PrimarySchoolMathematics,0,Python,6,,,,,,,
106,larsyencken/wide-language-index,2014-05-12T07:53:22Z,51,13,https://github.com/larsyencken/wide-language-index,0,Python,8,,,,,,,
107,localwiki/localwiki-backend-server,2015-01-26T07:32:11Z,47,16,https://github.com/localwiki/localwiki-backend-server,0,Python,16,,,,,,,
108,jbrendel/django-randomprimary,2012-04-18T00:49:01Z,38,10,https://github.com/jbrendel/django-randomprimary,0,Python,3,,,,,,,
109,HPENetworking/pyhpecw7,2016-04-09T13:28:02Z,32,22,https://github.com/HPENetworking/pyhpecw7,0,Python,13,,,,,,,
110,hoelsner/product-database,2015-10-06T17:44:50Z,29,17,https://github.com/hoelsner/product-database,1,Python,10,,,,,,,
111,dcramer/django-compositepks,2008-11-16T23:34:10Z,28,454,https://github.com/dcramer/django-compositepks,0,Python,3,,,,,,,
112,wnyc/django-crowdsourcing,2012-12-03T21:03:41Z,25,18,https://github.com/wnyc/django-crowdsourcing,0,Python,22,,,,,,,
113,Rongpeng-Lin/PConv_in_tf,2018-08-03T14:01:41Z,24,5,https://github.com/Rongpeng-Lin/PConv_in_tf,0,Python,6,,,,,,,
114,ospaf/ospaf-primary,2014-09-04T06:49:47Z,21,15,https://github.com/ospaf/ospaf-primary,1,Python,8,,,,,,,
115,notsambeck/pandabase,2019-02-04T08:33:29Z,21,4,https://github.com/notsambeck/pandabase,3,Python,5,,,,,,,
116,LRTT/LINEREGISTER,2020-03-30T13:00:16Z,19,12,https://github.com/LRTT/LINEREGISTER,0,Python,1,,,,,,,
117,Rongpeng-Lin/pix2pixhd_Tensorflow,2018-10-21T08:10:00Z,17,9,https://github.com/Rongpeng-Lin/pix2pixhd_Tensorflow,0,Python,4,,,,,,,
118,MrNbaYoh/rpwng,2017-08-19T14:30:23Z,17,0,https://github.com/MrNbaYoh/rpwng,0,Python,2,,,,,,,
119,avito-tech/pg_reindex,2018-03-29T10:19:24Z,17,2,https://github.com/avito-tech/pg_reindex,0,Python,7,,,,,,,
120,metapub/metapub,2019-08-20T19:39:00Z,15,6,https://github.com/metapub/metapub,0,Python,2,,,,,,,
121,engineer1109/TensorFlow-R-FCN-for-primary-students,2017-12-23T09:05:08Z,13,2,https://github.com/engineer1109/TensorFlow-R-FCN-for-primary-students,1,Python,2,,,,,,,
122,mstump/cassandra_range_repair,2013-08-20T05:24:31Z,12,54,https://github.com/mstump/cassandra_range_repair,0,Python,0,,,,,,,
123,PennyHow/PyTrx,2017-05-17T08:01:03Z,12,9,https://github.com/PennyHow/PyTrx,2,Python,3,,,,,,,
124,ajxchapman/CmdRunner,2019-05-31T19:35:11Z,12,2,https://github.com/ajxchapman/CmdRunner,0,Python,2,,,,,,,
125,lunduniversity/schoolprog,2017-11-02T10:26:29Z,11,5,https://github.com/lunduniversity/schoolprog,0,Python,7,,,,,,,
126,eightysteele/Spatial-Data-Library,2011-01-27T01:56:35Z,11,1,https://github.com/eightysteele/Spatial-Data-Library,0,Python,3,,,,,,,
127,mahmoodlab/TOAD,2020-06-19T07:22:44Z,10,1,https://github.com/mahmoodlab/TOAD,0,Python,2,,,,,,,
128,tsunaminoai/baseEmoji,2017-03-05T02:39:02Z,10,1,https://github.com/tsunaminoai/baseEmoji,4,Python,2,,,,,,,
129,seberg/icsbot,2009-03-10T13:39:15Z,10,1,https://github.com/seberg/icsbot,0,Python,4,,,,,,,
130,IN-CORE/pyincore,2019-12-19T21:02:40Z,10,2,https://github.com/IN-CORE/pyincore,0,Python,7,,,,,,,
131,GroupAYECS765P/BDP-05-Large-scale-Clustering,2017-12-06T12:57:04Z,10,0,https://github.com/GroupAYECS765P/BDP-05-Large-scale-Clustering,0,Python,2,,,,,,,
132,lyzMaster/deepgta5,2018-04-26T15:43:39Z,9,4,https://github.com/lyzMaster/deepgta5,0,Python,1,,,,,,,
133,jsayles/CoworkingDB,2010-09-02T18:36:43Z,9,1,https://github.com/jsayles/CoworkingDB,0,Python,1,,,,,,,
134,AFRL-RY/Explore-Coarse-3D-Reconstruction-Path-Planning-ATRC-Summer-2017,2017-10-03T12:01:04Z,9,1,https://github.com/AFRL-RY/Explore-Coarse-3D-Reconstruction-Path-Planning-ATRC-Summer-2017,0,Python,2,,,,,,,
135,asharma353/Anomaly-Detection-by-Netflow-and-DNS-Analysis-of-Alexa-1M-websites,2016-09-06T22:30:41Z,9,14,https://github.com/asharma353/Anomaly-Detection-by-Netflow-and-DNS-Analysis-of-Alexa-1M-websites,0,Python,3,,,,,,,
136,CSB5/shotgun-metagenomics-pipeline,2015-11-09T10:42:49Z,9,3,https://github.com/CSB5/shotgun-metagenomics-pipeline,0,Python,6,,,,,,,
137,stadtgestalten/stadtgestalten,2016-07-21T02:28:55Z,8,4,https://github.com/stadtgestalten/stadtgestalten,0,Python,3,,,,,,,
138,thousandparsec/tpclient-pywx,2010-04-17T14:58:01Z,8,6,https://github.com/thousandparsec/tpclient-pywx,0,Python,0,,,,,,,
139,taylorludwig/Resolutions-Alfred,2013-07-24T23:54:13Z,8,0,https://github.com/taylorludwig/Resolutions-Alfred,0,Python,1,,,,,,,
140,abhijithasokan/Cusat-BTech-Result-Scraper,2017-01-12T14:48:21Z,8,1,https://github.com/abhijithasokan/Cusat-BTech-Result-Scraper,0,Python,1,,,,,,,
141,sandeep-krishnamurthy/MovieSuccessPrediction,2013-11-01T08:20:41Z,8,8,https://github.com/sandeep-krishnamurthy/MovieSuccessPrediction,0,Python,5,,,,,,,
142,rrmerugu/django-postgres-elasticsearch,2018-03-04T04:08:04Z,7,6,https://github.com/rrmerugu/django-postgres-elasticsearch,0,Python,1,,,,,,,
143,netscaler/neutron,2013-09-27T16:48:24Z,7,1,https://github.com/netscaler/neutron,0,Python,3,,,,,,,
144,pablomc88/Primate_Visual_System,2017-06-08T09:30:08Z,7,0,https://github.com/pablomc88/Primate_Visual_System,0,Python,3,,,,,,,
145,rahulthawal/Finding-Object-by-Robotic-Arm,2016-07-23T19:08:42Z,7,2,https://github.com/rahulthawal/Finding-Object-by-Robotic-Arm,0,Python,3,,,,,,,
146,jonasnick/ReceptiveFields,2013-02-12T00:11:06Z,6,9,https://github.com/jonasnick/ReceptiveFields,0,Python,2,,,,,,,
147,vaibhavmule/django-uuid-primary-key,2017-10-23T07:40:48Z,6,2,https://github.com/vaibhavmule/django-uuid-primary-key,2,Python,1,,,,,,,
148,bolstycjw/odoo-s3-storage,2017-02-02T02:01:44Z,6,24,https://github.com/bolstycjw/odoo-s3-storage,0,Python,4,,,,,,,
149,tvanesse/odoo-s3,2016-08-10T12:32:59Z,6,10,https://github.com/tvanesse/odoo-s3,0,Python,0,,,,,,,
150,YanZiBuGuiCHunShiWan/Primary_machinelearning,2020-05-09T09:00:33Z,6,1,https://github.com/YanZiBuGuiCHunShiWan/Primary_machinelearning,0,Python,1,,,,,,,
151,gunnbr/gthx,2015-12-28T21:28:24Z,6,4,https://github.com/gunnbr/gthx,0,Python,2,,,,,,,
152,NexoDevelopment/MK8_Exploit,2020-01-18T18:26:36Z,6,0,https://github.com/NexoDevelopment/MK8_Exploit,0,Python,2,,,,,,,
153,sensviz7/Reinforcement-Learning-via-DQN-Agent-Carla,2020-08-13T19:54:27Z,6,0,https://github.com/sensviz7/Reinforcement-Learning-via-DQN-Agent-Carla,0,Python,5,,,,,,,
154,dandelany/tweetalyze,2012-04-28T22:23:23Z,6,1,https://github.com/dandelany/tweetalyze,0,Python,3,,,,,,,
155,samueljackson92/twitter-data-miner,2012-12-18T12:09:59Z,6,2,https://github.com/samueljackson92/twitter-data-miner,0,Python,0,,,,,,,
156,usnistgov/MUD-PD,2019-07-16T19:31:21Z,6,2,https://github.com/usnistgov/MUD-PD,0,Python,1,,,,,,,
157,iuscommunity/repodataParser,2012-11-28T17:16:39Z,5,5,https://github.com/iuscommunity/repodataParser,0,Python,3,,,,,,,
158,ratt-ru/eidos,2017-11-14T14:17:07Z,5,2,https://github.com/ratt-ru/eidos,6,Python,8,,,,,,,
159,usaa/vogel,2018-12-03T18:14:20Z,5,4,https://github.com/usaa/vogel,0,Python,2,,,,,,,
160,martinohanlon/SpaceCRAFT,2015-05-14T12:26:34Z,5,3,https://github.com/martinohanlon/SpaceCRAFT,0,Python,1,,,,,,,
161,YodaEmbedding/language-detector,2017-11-02T22:19:47Z,5,2,https://github.com/YodaEmbedding/language-detector,0,Python,1,,,,,,,
162,dodoyuan/CongestionControlInSDN,2018-03-12T03:01:51Z,5,4,https://github.com/dodoyuan/CongestionControlInSDN,0,Python,0,,,,,,,
163,RigidBit/www2png,2020-01-10T06:35:08Z,5,1,https://github.com/RigidBit/www2png,0,Python,1,,,,,,,
164,saxix/django-uuid-pk,2013-08-11T11:35:35Z,5,1,https://github.com/saxix/django-uuid-pk,0,Python,1,,,,,,,
165,joedeller/pymine,2015-01-17T14:44:55Z,5,0,https://github.com/joedeller/pymine,0,Python,2,,,,,,,
166,VertNet/api-geospatial,2015-11-19T10:17:29Z,5,1,https://github.com/VertNet/api-geospatial,0,Python,5,,,,,,,
167,manexagirrezabal/athenarhythm,2015-03-14T19:36:16Z,5,1,https://github.com/manexagirrezabal/athenarhythm,0,Python,1,,,,,,,
168,PrudhviRaj12/In-Depth-Question-Classification-Using-Convolutional-Neural-Networks,2017-05-13T02:33:06Z,5,5,https://github.com/PrudhviRaj12/In-Depth-Question-Classification-Using-Convolutional-Neural-Networks,0,Python,2,,,,,,,
169,madan-ram/Artificial-Neural-Network,2015-04-21T07:39:00Z,5,1,https://github.com/madan-ram/Artificial-Neural-Network,0,Python,3,,,,,,,
170,RawVendetta/GatewayFinder,2019-09-30T17:14:09Z,5,0,https://github.com/RawVendetta/GatewayFinder,0,Python,1,,,,,,,
171,Cadair/PriMaRY-JOVE,2012-03-12T23:17:08Z,4,0,https://github.com/Cadair/PriMaRY-JOVE,0,Python,4,,,,,,,
172,miaojie19/flask-course-primary,2019-05-14T02:35:30Z,4,1,https://github.com/miaojie19/flask-course-primary,0,Python,0,,,,,,,
173,kronosapiens/twitter-research,2016-01-24T21:08:29Z,4,3,https://github.com/kronosapiens/twitter-research,0,Python,1,,,,,,,
174,jnpkrn/clufter,2014-09-12T07:25:25Z,4,2,https://github.com/jnpkrn/clufter,0,Python,3,,,,,,,
175,alex/pyelection,2008-02-24T20:45:10Z,4,3,https://github.com/alex/pyelection,0,Python,3,,,,,,,
176,ml-lab/image_inpainting,2018-09-10T08:44:11Z,4,3,https://github.com/ml-lab/image_inpainting,0,Python,2,,,,,,,
177,sdll/QQP,2017-06-07T00:34:03Z,4,0,https://github.com/sdll/QQP,0,Python,1,,,,,,,
178,chriswernst/Perception-Udacity-RoboticsND-Project3,2017-10-13T21:41:11Z,4,3,https://github.com/chriswernst/Perception-Udacity-RoboticsND-Project3,0,Python,0,,,,,,,
179,okfn/ckan-old,2011-02-12T12:50:58Z,4,0,https://github.com/okfn/ckan-old,0,Python,19,,,,,,,
180,caitlyn4321/LootBot,2017-10-25T19:57:00Z,4,1,https://github.com/caitlyn4321/LootBot,0,Python,1,,,,,,,
181,HarrisonSteel/ChiBio,2019-08-07T12:30:35Z,3,10,https://github.com/HarrisonSteel/ChiBio,0,Python,3,,,,,,,
182,uwcirg/truenth-portal,2015-06-09T18:25:47Z,3,4,https://github.com/uwcirg/truenth-portal,100,Python,10,,,,,,,
183,letran3691/domain,2019-05-08T07:58:50Z,3,4,https://github.com/letran3691/domain,0,Python,5,,,,,,,
184,datasets/primary-tumor,2018-01-04T13:40:53Z,3,1,https://github.com/datasets/primary-tumor,0,Python,7,,,,,,,
185,gauravkulkarni96/django-ajax-auth,2018-03-23T19:46:53Z,3,3,https://github.com/gauravkulkarni96/django-ajax-auth,0,Python,1,,,,,,,
186,OpenSourceBrain/V1NetworkModels,2014-06-05T14:21:01Z,3,3,https://github.com/OpenSourceBrain/V1NetworkModels,0,Python,8,,,,,,,
187,Ming-er/PythonGUI,2019-05-24T03:05:53Z,3,0,https://github.com/Ming-er/PythonGUI,0,Python,0,,,,,,,
188,raygervais/100-days-of-code-challenge,2018-04-30T00:28:54Z,3,0,https://github.com/raygervais/100-days-of-code-challenge,0,Python,2,,,,,,,
189,kids-first/kf-api-dataservice,2018-01-09T21:06:39Z,3,1,https://github.com/kids-first/kf-api-dataservice,29,Python,10,,,,,,,
190,chrsigg/tarpar,2013-11-21T20:46:40Z,3,0,https://github.com/chrsigg/tarpar,0,Python,1,,,,,,,
191,AZAutonomous/TargetClassifier,2017-04-02T04:26:38Z,3,0,https://github.com/AZAutonomous/TargetClassifier,0,Python,2,,,,,,,
192,IBCNServices/HeadacheDSS,2018-01-08T10:20:16Z,3,4,https://github.com/IBCNServices/HeadacheDSS,0,Python,4,,,,,,,
193,deweylab/cell-type-classification-paper,2019-04-18T20:10:37Z,3,0,https://github.com/deweylab/cell-type-classification-paper,0,Python,2,,,,,,,
194,basnetbik/SocietyRecommenderSystem,2014-08-01T05:09:09Z,3,3,https://github.com/basnetbik/SocietyRecommenderSystem,0,Python,2,,,,,,,
195,khalavak/pan-demonium,2013-04-03T10:02:30Z,3,0,https://github.com/khalavak/pan-demonium,0,Python,1,,,,,,,
196,ahojukka5/Dijkstra,2020-05-13T04:49:56Z,3,1,https://github.com/ahojukka5/Dijkstra,3,Python,1,,,,,,,
197,pravincesingh/Home-automation-with-person-detection-using-deep-learning,2019-08-12T09:24:32Z,3,0,https://github.com/pravincesingh/Home-automation-with-person-detection-using-deep-learning,0,Python,1,,,,,,,
198,DataforProgress/bias-in-news,2018-07-01T14:23:49Z,3,0,https://github.com/DataforProgress/bias-in-news,0,Python,2,,,,,,,
199,SlashRoot/django-crowdsourcing,2012-08-15T16:04:47Z,3,1,https://github.com/SlashRoot/django-crowdsourcing,0,Python,1,,,,,,,
